Entity,Code,Year,Literacy rate
Afghanistan,AFG,1979,18
Afghanistan,AFG,2011,31
Afghanistan,AFG,2015,33.75384
Afghanistan,AFG,2021,37
Albania,ALB,2001,99
Albania,ALB,2008,96
Albania,ALB,2011,97
Albania,ALB,2012,97
Albania,ALB,2015,97.5539
Albania,ALB,2017,98.81623
Albania,ALB,2022,98.5
Algeria,DZA,1987,50
Algeria,DZA,2002,70
Algeria,DZA,2006,73
Algeria,DZA,2008,75
Algeria,DZA,2015,79.6084
Algeria,DZA,2018,81.40784
American Samoa,ASM,1980,97
Andorra,AND,2011,100
Angola,AGO,2001,67
Angola,AGO,2014,66
Angola,AGO,2015,66.23586
Angola,AGO,2022,72.4
Anguilla,AIA,1984,95
Antigua and Barbuda,ATG,2001,99
Antigua and Barbuda,ATG,2014,98.95
Arab World,,1990,54.59347
Arab World,,2000,66.006065
Arab World,,2010,77.364586
Arab World (WB),,1978,46.47531
Arab World (WB),,1979,46.95947
Arab World (WB),,1980,47.53026
Arab World (WB),,1981,48.10424
Arab World (WB),,1982,48.78092
Arab World (WB),,1983,48.89918
Arab World (WB),,1984,49.7141
Arab World (WB),,1985,50.512
Arab World (WB),,1986,51.31388
Arab World (WB),,1987,52.09723
Arab World (WB),,1988,52.97973
Arab World (WB),,1989,53.85493
Arab World (WB),,1990,54.79577
Arab World (WB),,1991,55.80375
Arab World (WB),,1992,56.89017
Arab World (WB),,1993,57.67679
Arab World (WB),,1994,58.62235
Arab World (WB),,1995,59.60629
Arab World (WB),,1996,60.7434
Arab World (WB),,1997,61.85475
Arab World (WB),,1998,63.05042
Arab World (WB),,1999,64.12462
Arab World (WB),,2000,65.13143
Arab World (WB),,2001,66.26095
Arab World (WB),,2002,67.29463
Arab World (WB),,2003,70.01904
Arab World (WB),,2004,70.86917
Arab World (WB),,2005,71.40385
Arab World (WB),,2006,69.195
Arab World (WB),,2007,70.04465
Arab World (WB),,2008,71.01018
Arab World (WB),,2009,69.74596
Arab World (WB),,2010,70.43971
Arab World (WB),,2011,72.20359
Arab World (WB),,2012,73.06837
Arab World (WB),,2013,73.81129
Arab World (WB),,2014,74.31661
Arab World (WB),,2015,75.02054
Arab World (WB),,2016,73.71796
Arab World (WB),,2017,74.21221
Arab World (WB),,2018,74.55412
Arab World (WB),,2019,74.80752
Arab World (WB),,2020,75.12146
Arab World (WB),,2021,75.53957
Arab World (WB),,2022,75.81846
Arab World (WB),,2023,76.15426
Argentina,ARG,1900,51.3
Argentina,ARG,1910,60.4
Argentina,ARG,1920,68.2
Argentina,ARG,1930,74.9
Argentina,ARG,1940,81.7
Argentina,ARG,1950,87.6
Argentina,ARG,1960,91.4
Argentina,ARG,1970,93
Argentina,ARG,1979,94.2
Argentina,ARG,1980,94
Argentina,ARG,1991,96
Argentina,ARG,2001,97
Argentina,ARG,2014,98.03402
Argentina,ARG,2015,98.08997
Armenia,ARM,1989,99
Armenia,ARM,2001,99
Armenia,ARM,2011,100
Armenia,ARM,2015,99.76842
Armenia,ARM,2016,100
Armenia,ARM,2017,100
Armenia,ARM,2020,100
Aruba,ABW,2000,97
Aruba,ABW,2010,97
Aruba,ABW,2015,97.5242
Aruba,ABW,2020,97.99
Australia,AUS,2003,99
Austria,AUT,2011,98
Azerbaijan,AZE,1999,99
Azerbaijan,AZE,2007,100
Azerbaijan,AZE,2009,100
Azerbaijan,AZE,2010,100
Azerbaijan,AZE,2011,100
Azerbaijan,AZE,2012,100
Azerbaijan,AZE,2013,100
Azerbaijan,AZE,2014,100
Azerbaijan,AZE,2015,100
Azerbaijan,AZE,2016,100
Azerbaijan,AZE,2017,100
Azerbaijan,AZE,2019,100
Azerbaijan,AZE,2023,100
Bahamas,BHS,2003,95.6
Bahrain,BHR,1981,70
Bahrain,BHR,1991,84
Bahrain,BHR,2001,87
Bahrain,BHR,2010,94.55679
Bahrain,BHR,2011,92.3
Bahrain,BHR,2015,95.71726
Bahrain,BHR,2022,98
Bahrain,BHR,2023,98
Bangladesh,BGD,1981,29
Bangladesh,BGD,1991,35
Bangladesh,BGD,2001,47
Bangladesh,BGD,2007,46.6636
Bangladesh,BGD,2011,59
Bangladesh,BGD,2012,58
Bangladesh,BGD,2013,61
Bangladesh,BGD,2014,61
Bangladesh,BGD,2015,65
Bangladesh,BGD,2016,73
Bangladesh,BGD,2017,73
Bangladesh,BGD,2018,74
Bangladesh,BGD,2019,75
Bangladesh,BGD,2020,75
Bangladesh,BGD,2021,76
Barbados,BRB,1970,99
Barbados,BRB,1980,99.5
Barbados,BRB,2002,99.7
Belarus,BLR,1989,98
Belarus,BLR,1999,100
Belarus,BLR,2009,100
Belarus,BLR,2015,99.72204
Belarus,BLR,2019,100
Belgium,BEL,1475,10
Belgium,BEL,1550,17
Belgium,BEL,1650,25
Belgium,BEL,1750,13
Belgium,BEL,2003,99
Belize,BLZ,1991,70
Belize,BLZ,2001,80.9
Belize,BLZ,2015,90.91604
Benin,BEN,1979,16
Benin,BEN,1992,27
Benin,BEN,2002,35
Benin,BEN,2006,28.70211
Benin,BEN,2012,32.94882
Benin,BEN,2015,38.44714
Benin,BEN,2017,38.87121
Benin,BEN,2021,43.83417
Benin,BEN,2022,47.1
Bermuda,BMU,2005,98
Bhutan,BTN,2005,53
Bhutan,BTN,2012,55
Bhutan,BTN,2015,63.90682
Bhutan,BTN,2017,67
Bhutan,BTN,2022,72.1
Bolivia,BOL,1900,18
Bolivia,BOL,1910,20
Bolivia,BOL,1920,22
Bolivia,BOL,1930,25
Bolivia,BOL,1940,28
Bolivia,BOL,1950,32
Bolivia,BOL,1960,44
Bolivia,BOL,1970,58
Bolivia,BOL,1971,59
Bolivia,BOL,1972,60
Bolivia,BOL,1973,61
Bolivia,BOL,1974,62
Bolivia,BOL,1975,63
Bolivia,BOL,1976,63
Bolivia,BOL,1992,80
Bolivia,BOL,2001,87
Bolivia,BOL,2007,91
Bolivia,BOL,2008,91
Bolivia,BOL,2009,91
Bolivia,BOL,2011,92
Bolivia,BOL,2012,94
Bolivia,BOL,2015,92
Bolivia,BOL,2020,94
Bosnia and Herzegovina,BIH,1991,89
Bosnia and Herzegovina,BIH,2000,97
Bosnia and Herzegovina,BIH,2011,98.14204
Bosnia and Herzegovina,BIH,2013,97
Bosnia and Herzegovina,BIH,2014,98.37765
Bosnia and Herzegovina,BIH,2015,98.48576
Bosnia and Herzegovina,BIH,2022,98.3
Botswana,BWA,1991,69
Botswana,BWA,2003,81
Botswana,BWA,2013,86.82318
Botswana,BWA,2014,87.70751
Botswana,BWA,2015,88.22441
Brazil,BRA,1900,35
Brazil,BRA,1910,35
Brazil,BRA,1920,35
Brazil,BRA,1930,39
Brazil,BRA,1940,44
Brazil,BRA,1950,49
Brazil,BRA,1960,60
Brazil,BRA,1970,68
Brazil,BRA,1979,75
Brazil,BRA,1980,75
Brazil,BRA,2000,86
Brazil,BRA,2004,89
Brazil,BRA,2006,90
Brazil,BRA,2007,90
Brazil,BRA,2008,90
Brazil,BRA,2009,90
Brazil,BRA,2010,90
Brazil,BRA,2011,91
Brazil,BRA,2012,91
Brazil,BRA,2013,91
Brazil,BRA,2014,92
Brazil,BRA,2015,92
Brazil,BRA,2016,93
Brazil,BRA,2017,93
Brazil,BRA,2018,93
Brazil,BRA,2022,94.69
British Virgin Islands,VGB,1991,97.8
Brunei,BRN,1981,78
Brunei,BRN,1991,88
Brunei,BRN,2001,93
Brunei,BRN,2011,96
Brunei,BRN,2015,96.65653
Brunei,BRN,2021,97.59
Bulgaria,BGR,2001,98
Bulgaria,BGR,2011,98
Bulgaria,BGR,2015,98.38858
Bulgaria,BGR,2021,98.42
Burkina Faso,BFA,1975,9
Burkina Faso,BFA,1991,14
Burkina Faso,BFA,1996,13
Burkina Faso,BFA,2003,22
Burkina Faso,BFA,2005,24
Burkina Faso,BFA,2006,22
Burkina Faso,BFA,2007,28
Burkina Faso,BFA,2014,35
Burkina Faso,BFA,2015,37.7467
Burkina Faso,BFA,2018,39
Burkina Faso,BFA,2019,30
Burkina Faso,BFA,2021,36.96738
Burkina Faso,BFA,2022,34.49
Burundi,BDI,1979,23
Burundi,BDI,1990,37
Burundi,BDI,2000,59
Burundi,BDI,2008,48
Burundi,BDI,2014,62
Burundi,BDI,2015,85.49609
Burundi,BDI,2016,65.68774
Burundi,BDI,2017,68
Burundi,BDI,2022,75.54
Cambodia,KHM,1998,67
Cambodia,KHM,2004,74
Cambodia,KHM,2008,77
Cambodia,KHM,2009,76
Cambodia,KHM,2014,78
Cambodia,KHM,2015,81
Cambodia,KHM,2021,71.92725
Cambodia,KHM,2022,83.78
Cameroon,CMR,1976,41
Cameroon,CMR,2000,68
Cameroon,CMR,2007,71
Cameroon,CMR,2010,71
Cameroon,CMR,2015,74.98558
Cameroon,CMR,2018,72.54713
Cameroon,CMR,2020,78.23
Canada,CAN,2003,99
Cape Verde,CPV,1990,63
Cape Verde,CPV,2000,76.11044
Cape Verde,CPV,2004,80.01972
Cape Verde,CPV,2012,85
Cape Verde,CPV,2015,87
Cape Verde,CPV,2022,91
Caribbean small states,,2000,88.1378
Caribbean small states,,2010,91.76071
Cayman Islands,CYM,2007,99
Cayman Islands,CYM,2017,99
Central African Republic,CAF,1975,18
Central African Republic,CAF,1988,34
Central African Republic,CAF,2000,51
Central African Republic,CAF,2010,36.75261
Central African Republic,CAF,2015,36.75261
Central African Republic,CAF,2018,37
Central African Republic,CAF,2019,42.44279
Central African Republic,CAF,2020,37.49
Central Europe and the Baltics,,1990,98.59496
Central Europe and the Baltics,,2000,98.96019
Central Europe and the Baltics,,2010,99.36096
Central Europe and the Baltics (WB),,1982,97.97562
Central Europe and the Baltics (WB),,1983,97.999
Central Europe and the Baltics (WB),,1984,98.03503
Central Europe and the Baltics (WB),,1985,98.06441
Central Europe and the Baltics (WB),,1986,98.09401
Central Europe and the Baltics (WB),,1987,98.12998
Central Europe and the Baltics (WB),,1988,98.21186
Central Europe and the Baltics (WB),,1989,98.2756
Central Europe and the Baltics (WB),,1990,98.34003
Central Europe and the Baltics (WB),,1991,98.40038
Central Europe and the Baltics (WB),,1992,98.45833
Central Europe and the Baltics (WB),,1993,98.509
Central Europe and the Baltics (WB),,1994,98.55935
Central Europe and the Baltics (WB),,1995,98.60749
Central Europe and the Baltics (WB),,2013,99.2969
Central Europe and the Baltics (WB),,2014,99.3146
Central Europe and the Baltics (WB),,2015,99.33225
Central Europe and the Baltics (WB),,2016,99.35021
Central Europe and the Baltics (WB),,2017,99.37021
Central Europe and the Baltics (WB),,2018,99.41868
Central Europe and the Baltics (WB),,2019,99.43812
Central Europe and the Baltics (WB),,2020,99.4566
Central Europe and the Baltics (WB),,2021,99.47559
Central Europe and the Baltics (WB),,2022,99.48735
Chad,TCD,1993,11
Chad,TCD,2000,26
Chad,TCD,2004,28
Chad,TCD,2014,39.04967
Chad,TCD,2015,26.00299
Chad,TCD,2016,22
Chad,TCD,2019,30.62792
Chad,TCD,2022,27.28
Chile,CHL,1900,43
Chile,CHL,1910,53
Chile,CHL,1920,63
Chile,CHL,1930,75
Chile,CHL,1940,73
Chile,CHL,1950,79
Chile,CHL,1960,84
Chile,CHL,1970,88
Chile,CHL,1979,91
Chile,CHL,1980,92
Chile,CHL,1982,91
Chile,CHL,1992,94
Chile,CHL,2002,96
Chile,CHL,2008,98.64901
Chile,CHL,2009,98.55368
Chile,CHL,2011,97
Chile,CHL,2013,96
Chile,CHL,2015,97
Chile,CHL,2017,96
Chile,CHL,2022,97.16
China,CHN,1982,66
China,CHN,1990,78
China,CHN,2000,91
China,CHN,2010,95
China,CHN,2015,96.35745
China,CHN,2020,97
Colombia,COL,1900,34
Colombia,COL,1910,39
Colombia,COL,1920,44
Colombia,COL,1930,52
Colombia,COL,1940,57
Colombia,COL,1950,62
Colombia,COL,1960,70
Colombia,COL,1970,78
Colombia,COL,1971,79
Colombia,COL,1972,79
Colombia,COL,1973,80
Colombia,COL,1974,81
Colombia,COL,1975,81
Colombia,COL,1976,82
Colombia,COL,1977,82
Colombia,COL,1978,83
Colombia,COL,1979,84
Colombia,COL,1980,84
Colombia,COL,1981,85
Colombia,COL,1993,91
Colombia,COL,1996,91
Colombia,COL,2004,93
Colombia,COL,2005,93
Colombia,COL,2006,92
Colombia,COL,2007,93
Colombia,COL,2008,93
Colombia,COL,2009,93
Colombia,COL,2010,93
Colombia,COL,2011,94
Colombia,COL,2014,94
Colombia,COL,2015,94
Colombia,COL,2016,95
Colombia,COL,2018,95
Colombia,COL,2019,95
Colombia,COL,2020,96
Comoros,COM,1980,48
Comoros,COM,2000,68
Comoros,COM,2012,49.19614
Comoros,COM,2014,77.57327
Comoros,COM,2015,78.13739
Comoros,COM,2022,61.71
Congo,COG,1984,60
Congo,COG,2005,76
Congo,COG,2011,79.31117
Congo,COG,2015,79.31117
Congo,COG,2021,80.61
Cook Islands,COK,2011,95
Costa Rica,CRI,1900,36
Costa Rica,CRI,1910,46
Costa Rica,CRI,1920,57
Costa Rica,CRI,1930,67
Costa Rica,CRI,1940,73
Costa Rica,CRI,1950,79
Costa Rica,CRI,1960,83
Costa Rica,CRI,1970,88
Costa Rica,CRI,1971,89
Costa Rica,CRI,1972,89
Costa Rica,CRI,1973,89
Costa Rica,CRI,1974,90
Costa Rica,CRI,1975,90
Costa Rica,CRI,1976,90
Costa Rica,CRI,1977,91
Costa Rica,CRI,1978,91
Costa Rica,CRI,1979,91
Costa Rica,CRI,1980,92
Costa Rica,CRI,1981,92
Costa Rica,CRI,1982,92
Costa Rica,CRI,1983,92
Costa Rica,CRI,1984,93
Costa Rica,CRI,2000,95
Costa Rica,CRI,2011,97
Costa Rica,CRI,2015,97.64725
Costa Rica,CRI,2021,98.04
Cote d'Ivoire,CIV,1988,34
Cote d'Ivoire,CIV,1998,36
Cote d'Ivoire,CIV,2000,49
Cote d'Ivoire,CIV,2012,40.98163
Cote d'Ivoire,CIV,2014,44
Cote d'Ivoire,CIV,2015,43.26532
Cote d'Ivoire,CIV,2016,50.03968
Cote d'Ivoire,CIV,2019,90
Cote d'Ivoire,CIV,2021,50.00064
Croatia,HRV,1991,97
Croatia,HRV,2001,98
Croatia,HRV,2011,99.12536
Croatia,HRV,2015,99.27259
Croatia,HRV,2021,99.45
Cuba,CUB,1900,46
Cuba,CUB,1910,57
Cuba,CUB,1920,64
Cuba,CUB,1930,71
Cuba,CUB,1940,76
Cuba,CUB,1950,78
Cuba,CUB,1960,79
Cuba,CUB,1970,89
Cuba,CUB,1971,90
Cuba,CUB,1972,90
Cuba,CUB,1973,90
Cuba,CUB,1974,91
Cuba,CUB,1975,91
Cuba,CUB,1976,91
Cuba,CUB,1977,92
Cuba,CUB,1978,92
Cuba,CUB,1979,92
Cuba,CUB,1980,93
Cuba,CUB,1981,98
Cuba,CUB,2002,100
Cuba,CUB,2012,100
Cuba,CUB,2015,99.71072
Cuba,CUB,2019,97.65491
Cuba,CUB,2021,99.67311
Cyprus,CYP,1992,94
Cyprus,CYP,2001,97
Cyprus,CYP,2011,99
Cyprus,CYP,2015,99.05978
Cyprus,CYP,2021,99.36
Czechia,CZE,2011,99
Democratic Republic of Congo,COD,2001,67
Democratic Republic of Congo,COD,2007,61.20555
Democratic Republic of Congo,COD,2012,75
Democratic Republic of Congo,COD,2015,77.22167
Democratic Republic of Congo,COD,2016,77
Democratic Republic of Congo,COD,2018,73.55303
Democratic Republic of Congo,COD,2022,80.54
Denmark,DNK,2003,99
Djibouti,DJI,2003,67.9
Dominica,DMA,2003,94
Dominican Republic,DOM,1920,29
Dominican Republic,DOM,1930,26
Dominican Republic,DOM,1940,30
Dominican Republic,DOM,1950,43
Dominican Republic,DOM,1960,64
Dominican Republic,DOM,1970,67
Dominican Republic,DOM,1971,68
Dominican Republic,DOM,1972,68
Dominican Republic,DOM,1973,69
Dominican Republic,DOM,1974,70
Dominican Republic,DOM,1975,70
Dominican Republic,DOM,1976,71
Dominican Republic,DOM,1977,72
Dominican Republic,DOM,1978,73
Dominican Republic,DOM,1979,73
Dominican Republic,DOM,1980,74
Dominican Republic,DOM,1981,73
Dominican Republic,DOM,2002,87
Dominican Republic,DOM,2007,88
Dominican Republic,DOM,2010,90
Dominican Republic,DOM,2011,90
Dominican Republic,DOM,2012,90
Dominican Republic,DOM,2013,91
Dominican Republic,DOM,2014,92
Dominican Republic,DOM,2015,92
Dominican Republic,DOM,2016,94
Dominican Republic,DOM,2022,95.5
Early-demographic dividend,,1990,59.518055
Early-demographic dividend,,2000,69.11661
Early-demographic dividend,,2010,76.50836
East Asia & Pacific,,1990,82.054344
East Asia & Pacific,,2000,91.61869
East Asia & Pacific,,2010,95.10822
East Asia & Pacific (IDA & IBRD),,1990,79.458626
East Asia & Pacific (IDA & IBRD),,2000,90.649956
East Asia & Pacific (IDA & IBRD),,2010,94.68925
East Asia & Pacific (excluding high income),,1990,79.7442
East Asia & Pacific (excluding high income),,2000,90.77303
East Asia & Pacific (excluding high income),,2010,94.75167
East Asia and the Pacific (WB),,1976,65.691
East Asia and the Pacific (WB),,1977,65.87666
East Asia and the Pacific (WB),,1978,66.96806
East Asia and the Pacific (WB),,1979,68.20414
East Asia and the Pacific (WB),,1980,69.30146
East Asia and the Pacific (WB),,1981,70.34557
East Asia and the Pacific (WB),,1982,71.3144
East Asia and the Pacific (WB),,1983,72.2447
East Asia and the Pacific (WB),,1984,73.23163
East Asia and the Pacific (WB),,1985,74.16798
East Asia and the Pacific (WB),,1986,75.00072
East Asia and the Pacific (WB),,1987,76.17425
East Asia and the Pacific (WB),,1988,79.95977
East Asia and the Pacific (WB),,1989,80.58923
East Asia and the Pacific (WB),,1990,81.17076
East Asia and the Pacific (WB),,1991,81.71117
East Asia and the Pacific (WB),,1992,82.22357
East Asia and the Pacific (WB),,1993,82.68984
East Asia and the Pacific (WB),,1994,83.24469
East Asia and the Pacific (WB),,1995,83.8043
East Asia and the Pacific (WB),,1996,84.29005
East Asia and the Pacific (WB),,1997,89.27749
East Asia and the Pacific (WB),,1998,89.64291
East Asia and the Pacific (WB),,1999,89.96028
East Asia and the Pacific (WB),,2000,90.32185
East Asia and the Pacific (WB),,2001,90.63564
East Asia and the Pacific (WB),,2002,90.98982
East Asia and the Pacific (WB),,2003,91.36144
East Asia and the Pacific (WB),,2004,91.69448
East Asia and the Pacific (WB),,2005,92.02961
East Asia and the Pacific (WB),,2006,92.37919
East Asia and the Pacific (WB),,2007,93.5125
East Asia and the Pacific (WB),,2008,93.81618
East Asia and the Pacific (WB),,2009,94.08518
East Asia and the Pacific (WB),,2010,94.20017
East Asia and the Pacific (WB),,2011,93.8646
East Asia and the Pacific (WB),,2012,94.09502
East Asia and the Pacific (WB),,2013,94.20693
East Asia and the Pacific (WB),,2014,94.71124
East Asia and the Pacific (WB),,2015,94.92792
East Asia and the Pacific (WB),,2016,95.13196
East Asia and the Pacific (WB),,2017,95.32305
East Asia and the Pacific (WB),,2018,95.36943
East Asia and the Pacific (WB),,2019,95.80688
East Asia and the Pacific (WB),,2020,96.0287
East Asia and the Pacific (WB),,2021,96.16493
East Asia and the Pacific (WB),,2022,96.30093
East Asia and the Pacific (WB),,2023,96.43049
East Timor,TLS,2001,38
East Timor,TLS,2007,51
East Timor,TLS,2010,58
East Timor,TLS,2015,64.06614
East Timor,TLS,2016,65.77913
East Timor,TLS,2020,69.9
Ecuador,ECU,1900,33
Ecuador,ECU,1910,38
Ecuador,ECU,1920,42
Ecuador,ECU,1930,46
Ecuador,ECU,1940,51
Ecuador,ECU,1950,56
Ecuador,ECU,1960,65
Ecuador,ECU,1970,74
Ecuador,ECU,1971,75
Ecuador,ECU,1972,76
Ecuador,ECU,1973,77
Ecuador,ECU,1974,77
Ecuador,ECU,1975,78
Ecuador,ECU,1976,79
Ecuador,ECU,1977,80
Ecuador,ECU,1978,80
Ecuador,ECU,1979,81
Ecuador,ECU,1980,82
Ecuador,ECU,1981,82
Ecuador,ECU,1982,84
Ecuador,ECU,1990,88
Ecuador,ECU,2001,91
Ecuador,ECU,2007,92
Ecuador,ECU,2008,92
Ecuador,ECU,2009,92
Ecuador,ECU,2010,92
Ecuador,ECU,2011,92
Ecuador,ECU,2012,92
Ecuador,ECU,2013,93
Ecuador,ECU,2014,94
Ecuador,ECU,2015,94
Ecuador,ECU,2016,94
Ecuador,ECU,2017,93
Ecuador,ECU,2020,94
Ecuador,ECU,2021,94
Ecuador,ECU,2022,94
Egypt,EGY,1976,38
Egypt,EGY,1986,44
Egypt,EGY,1996,56
Egypt,EGY,2005,67
Egypt,EGY,2006,66
Egypt,EGY,2010,72
Egypt,EGY,2012,74
Egypt,EGY,2013,72
Egypt,EGY,2015,75.84262
Egypt,EGY,2017,71
Egypt,EGY,2022,74.5
El Salvador,SLV,1900,26
El Salvador,SLV,1910,27
El Salvador,SLV,1920,27
El Salvador,SLV,1930,28
El Salvador,SLV,1940,35
El Salvador,SLV,1950,42
El Salvador,SLV,1960,48
El Salvador,SLV,1970,58
El Salvador,SLV,1971,59
El Salvador,SLV,1972,60
El Salvador,SLV,1973,61
El Salvador,SLV,1974,61
El Salvador,SLV,1975,62
El Salvador,SLV,1992,74
El Salvador,SLV,2004,80.77836
El Salvador,SLV,2006,84
El Salvador,SLV,2007,82
El Salvador,SLV,2008,84
El Salvador,SLV,2009,84
El Salvador,SLV,2010,84
El Salvador,SLV,2011,85
El Salvador,SLV,2013,87
El Salvador,SLV,2015,88
El Salvador,SLV,2016,88
El Salvador,SLV,2017,88
El Salvador,SLV,2018,89
El Salvador,SLV,2019,89
El Salvador,SLV,2020,90
El Salvador,SLV,2023,90
Equatorial Guinea,GNQ,2000,88
Equatorial Guinea,GNQ,2010,94.37054
Equatorial Guinea,GNQ,2014,94.95674
Equatorial Guinea,GNQ,2015,95.19566
Eritrea,ERI,2002,53
Eritrea,ERI,2008,65
Eritrea,ERI,2014,72.79049
Eritrea,ERI,2015,73.84525
Eritrea,ERI,2018,76.57052
Estonia,EST,1989,100
Estonia,EST,2000,100
Estonia,EST,2011,100
Estonia,EST,2015,99.82351
Estonia,EST,2021,99.87
Eswatini,SWZ,1976,55
Eswatini,SWZ,1986,67
Eswatini,SWZ,2000,82
Eswatini,SWZ,2010,83.09829
Eswatini,SWZ,2015,87.47019
Eswatini,SWZ,2020,89.28
Eswatini,SWZ,2022,90.74702
Ethiopia,ETH,1994,27
Ethiopia,ETH,2004,35.9
Ethiopia,ETH,2005,29.82034
Ethiopia,ETH,2007,39
Ethiopia,ETH,2015,49.03152
Ethiopia,ETH,2016,47.49159
Ethiopia,ETH,2017,51.77118
Europe & Central Asia,,1990,97.26079
Europe & Central Asia,,2000,98.14584
Europe & Central Asia,,2010,98.99759
Europe & Central Asia (IDA & IBRD),,1990,95.9422
Europe & Central Asia (IDA & IBRD),,2000,97.452644
Europe & Central Asia (IDA & IBRD),,2010,98.89095
Europe & Central Asia (excluding high income),,1990,95.56776
Europe & Central Asia (excluding high income),,2000,97.21841
Europe & Central Asia (excluding high income),,2010,98.79964
Europe and Central Asia (WB),,1994,95.93806
Europe and Central Asia (WB),,1995,96.06758
Europe and Central Asia (WB),,1996,96.22135
Europe and Central Asia (WB),,1997,96.3414
Europe and Central Asia (WB),,1998,96.48624
Europe and Central Asia (WB),,1999,96.59245
Europe and Central Asia (WB),,2000,96.65252
Europe and Central Asia (WB),,2001,96.7528
Europe and Central Asia (WB),,2002,96.91116
Europe and Central Asia (WB),,2003,97.00517
Europe and Central Asia (WB),,2004,97.09123
Europe and Central Asia (WB),,2005,97.21017
Europe and Central Asia (WB),,2006,97.27016
Europe and Central Asia (WB),,2007,97.35178
Europe and Central Asia (WB),,2008,97.47324
Europe and Central Asia (WB),,2009,97.73077
Europe and Central Asia (WB),,2010,97.89465
Europe and Central Asia (WB),,2011,98.03516
Europe and Central Asia (WB),,2012,98.13266
Europe and Central Asia (WB),,2013,98.19623
Europe and Central Asia (WB),,2014,98.23871
Europe and Central Asia (WB),,2015,98.28185
Europe and Central Asia (WB),,2016,98.33891
Europe and Central Asia (WB),,2017,98.41798
Europe and Central Asia (WB),,2018,98.50179
Europe and Central Asia (WB),,2019,98.56401
Europe and Central Asia (WB),,2020,98.60383
Europe and Central Asia (WB),,2021,98.64628
Europe and Central Asia (WB),,2022,98.66442
Europe and Central Asia (WB),,2023,98.68871
Fiji,FJI,2003,93.7
Finland,FIN,2000,100
Fragile and conflict affected situations,,2000,63.947193
Fragile and conflict affected situations,,2010,68.33667
France,FRA,1475,6
France,FRA,1550,19
France,FRA,1650,29
France,FRA,1750,29
France,FRA,1820,38
France,FRA,1870,69
France,FRA,2003,99
French Polynesia,PYF,1977,98
Gabon,GAB,1993,72
Gabon,GAB,2004,81.84552
Gabon,GAB,2012,82.2838
Gabon,GAB,2015,83.23788
Gabon,GAB,2021,88.85834
Gabon,GAB,2022,85.69
Gambia,GMB,2000,37
Gambia,GMB,2013,41.95005
Gambia,GMB,2014,54.38756
Gambia,GMB,2015,51
Gambia,GMB,2018,53.1602
Gambia,GMB,2021,51.6374
Gambia,GMB,2022,58.67
Georgia,GEO,2002,100
Georgia,GEO,2014,100
Georgia,GEO,2015,99.75962
Georgia,GEO,2017,99
Georgia,GEO,2018,99.65366
Georgia,GEO,2022,100
Germany,DEU,1475,9
Germany,DEU,1550,16
Germany,DEU,1650,31
Germany,DEU,1750,38
Germany,DEU,2003,99
Ghana,GHA,2000,58
Ghana,GHA,2010,71
Ghana,GHA,2015,76.5759
Ghana,GHA,2017,64.49239
Ghana,GHA,2020,80.38
Gibraltar,GIB,2011,80
Greece,GRC,1981,91
Greece,GRC,1991,93
Greece,GRC,2001,96
Greece,GRC,2009,94
Greece,GRC,2014,97.53238
Greece,GRC,2015,95.29287
Greenland,GRL,2001,100
Grenada,GRD,1970,98
Grenada,GRD,1980,98.4
Grenada,GRD,2003,96
Guam,GUM,1980,96
Guam,GUM,1990,99
Guam,GUM,2000,99.56
Guam,GUM,2015,99.78904
Guatemala,GTM,1900,12
Guatemala,GTM,1910,13
Guatemala,GTM,1920,15
Guatemala,GTM,1930,19
Guatemala,GTM,1940,24
Guatemala,GTM,1950,29
Guatemala,GTM,1960,35
Guatemala,GTM,1970,45
Guatemala,GTM,1971,46
Guatemala,GTM,1972,47
Guatemala,GTM,1973,48
Guatemala,GTM,1974,48
Guatemala,GTM,1975,49
Guatemala,GTM,1976,50
Guatemala,GTM,1977,51
Guatemala,GTM,1978,52
Guatemala,GTM,1979,52
Guatemala,GTM,1994,64
Guatemala,GTM,2002,69
Guatemala,GTM,2012,78
Guatemala,GTM,2013,77
Guatemala,GTM,2014,81
Guatemala,GTM,2015,80.19509
Guatemala,GTM,2018,81
Guatemala,GTM,2022,83.03117
Guinea,GIN,1996,21
Guinea,GIN,2003,30
Guinea,GIN,2010,25
Guinea,GIN,2014,32
Guinea,GIN,2015,30.47279
Guinea,GIN,2018,40
Guinea,GIN,2021,45.33
Guinea-Bissau,GNB,1979,20
Guinea-Bissau,GNB,2000,41
Guinea-Bissau,GNB,2014,45.58116
Guinea-Bissau,GNB,2015,59.77285
Guinea-Bissau,GNB,2019,54.88232
Guinea-Bissau,GNB,2022,53.9
Guyana,GUY,2009,84.99401
Guyana,GUY,2014,85.63973
Guyana,GUY,2015,87.53532
Guyana,GUY,2020,85.63835
Guyana,GUY,2022,90.03
Haiti,HTI,1900,8
Haiti,HTI,1910,8
Haiti,HTI,1920,8
Haiti,HTI,1930,8
Haiti,HTI,1940,9
Haiti,HTI,1950,11
Haiti,HTI,1960,16
Haiti,HTI,1970,22
Haiti,HTI,1971,23
Haiti,HTI,1972,24
Haiti,HTI,1973,25
Haiti,HTI,1974,25
Haiti,HTI,1975,26
Haiti,HTI,1976,27
Haiti,HTI,1977,28
Haiti,HTI,1978,29
Haiti,HTI,1979,30
Haiti,HTI,1980,31
Haiti,HTI,1981,31
Haiti,HTI,1982,35
Haiti,HTI,2003,59
Haiti,HTI,2006,48.68502
Haiti,HTI,2015,60.68935
Haiti,HTI,2016,61.69135
Haiti,HTI,2017,68.00986
Heavily indebted poor countries (HIPC),,1990,45.420242
Heavily indebted poor countries (HIPC),,2000,52.221073
Heavily indebted poor countries (HIPC),,2010,57.837166
Honduras,HND,1900,28
Honduras,HND,1910,30
Honduras,HND,1920,32
Honduras,HND,1930,33
Honduras,HND,1940,35
Honduras,HND,1950,40
Honduras,HND,1960,44
Honduras,HND,1970,53
Honduras,HND,1971,54
Honduras,HND,1972,55
Honduras,HND,1973,56
Honduras,HND,1974,57
Honduras,HND,1975,58
Honduras,HND,1976,58
Honduras,HND,1977,59
Honduras,HND,1978,60
Honduras,HND,1979,61
Honduras,HND,1980,61
Honduras,HND,1981,62
Honduras,HND,1982,63
Honduras,HND,1983,64
Honduras,HND,1984,64
Honduras,HND,1985,65
Honduras,HND,1986,66
Honduras,HND,1987,66
Honduras,HND,1988,67
Honduras,HND,1989,68
Honduras,HND,2001,80
Honduras,HND,2007,84
Honduras,HND,2010,85
Honduras,HND,2011,85
Honduras,HND,2012,85
Honduras,HND,2013,85
Honduras,HND,2014,87
Honduras,HND,2015,88
Honduras,HND,2016,89
Honduras,HND,2018,87
Honduras,HND,2019,89
Hong Kong,HKG,2002,93.5
Hungary,HUN,1980,99
Hungary,HUN,1990,99.1
Hungary,HUN,1994,98.98207
Hungary,HUN,2004,99.02922
Hungary,HUN,2014,99.05012
Hungary,HUN,2015,99.38088
Hungary,HUN,2021,99.1
IBRD only,,1990,73.64205
IBRD only,,2000,82.563576
IBRD only,,2010,87.32906
IDA & IBRD total,,1990,69.8612
IDA & IBRD total,,2000,77.90584
IDA & IBRD total,,2010,82.39069
IDA blend,,1990,63.288082
IDA blend,,2010,69.031975
IDA only,,1990,48.29747
IDA only,,2000,55.4478
IDA only,,2010,61.650894
IDA total,,1990,54.1447
IDA total,,2000,59.467594
IDA total,,2010,64.43312
Iceland,ISL,2003,99
India,IND,1981,41
India,IND,1991,48
India,IND,2001,61
India,IND,2006,63
India,IND,2011,69
India,IND,2015,72.2253
India,IND,2022,76
India,IND,2023,77
Indonesia,IDN,1980,67
Indonesia,IDN,1990,82
Indonesia,IDN,2004,90
Indonesia,IDN,2006,92
Indonesia,IDN,2008,92
Indonesia,IDN,2009,93
Indonesia,IDN,2011,93
Indonesia,IDN,2014,95
Indonesia,IDN,2015,95
Indonesia,IDN,2016,95
Indonesia,IDN,2018,96
Indonesia,IDN,2020,96
Iran,IRN,1976,37
Iran,IRN,1986,52
Iran,IRN,1991,66
Iran,IRN,1996,73
Iran,IRN,2002,77
Iran,IRN,2005,82
Iran,IRN,2006,82
Iran,IRN,2008,83
Iran,IRN,2012,84
Iran,IRN,2013,85
Iran,IRN,2014,85
Iran,IRN,2015,87.17253
Iran,IRN,2016,86
Iran,IRN,2022,88.96
Iraq,IRQ,2000,74
Iraq,IRQ,2012,77
Iraq,IRQ,2014,82
Iraq,IRQ,2015,79.72176
Iraq,IRQ,2016,83
Iraq,IRQ,2017,86
Ireland,IRL,1475,0
Ireland,IRL,1550,0
Ireland,IRL,1650,3
Ireland,IRL,1750,21
Ireland,IRL,2003,99
Israel,ISR,1983,92
Israel,ISR,2004,97.1
Italy,ITA,1475,15
Italy,ITA,1550,18
Italy,ITA,1650,23
Italy,ITA,1750,23
Italy,ITA,1820,22
Italy,ITA,1870,32
Italy,ITA,1981,96
Italy,ITA,2001,98
Italy,ITA,2011,99
Italy,ITA,2015,99.01579
Italy,ITA,2019,99
Jamaica,JAM,1999,80
Jamaica,JAM,2014,88.13225
Jamaica,JAM,2015,88.4999
Japan,JPN,2002,99
Jordan,JOR,1979,67
Jordan,JOR,2003,90
Jordan,JOR,2005,91
Jordan,JOR,2007,92
Jordan,JOR,2010,93
Jordan,JOR,2011,96
Jordan,JOR,2012,98
Jordan,JOR,2015,98.01435
Jordan,JOR,2018,95.43145
Jordan,JOR,2023,95
Kazakhstan,KAZ,1989,98
Kazakhstan,KAZ,1999,100
Kazakhstan,KAZ,2009,100
Kazakhstan,KAZ,2010,99.78163
Kazakhstan,KAZ,2015,99.78785
Kazakhstan,KAZ,2020,99.8
Kenya,KEN,2000,82
Kenya,KEN,2007,72.15703
Kenya,KEN,2014,78.73304
Kenya,KEN,2015,78.0234
Kenya,KEN,2022,82.88
Kiribati,KIR,2018,97.95971
Kosovo,OWID_KOS,2007,91.9
Kuwait,KWT,1975,60
Kuwait,KWT,1980,68
Kuwait,KWT,1985,74
Kuwait,KWT,1995,78
Kuwait,KWT,2005,93
Kuwait,KWT,2006,93
Kuwait,KWT,2007,94
Kuwait,KWT,2008,94
Kuwait,KWT,2010,94
Kuwait,KWT,2012,96
Kuwait,KWT,2013,96
Kuwait,KWT,2015,96
Kuwait,KWT,2017,96
Kuwait,KWT,2018,96
Kuwait,KWT,2020,96
Kyrgyzstan,KGZ,1999,99
Kyrgyzstan,KGZ,2009,99
Kyrgyzstan,KGZ,2015,99.50132
Kyrgyzstan,KGZ,2019,99.6
Laos,LAO,1995,60
Laos,LAO,2000,70
Laos,LAO,2001,69
Laos,LAO,2005,73
Laos,LAO,2011,58.28794
Laos,LAO,2015,85
Laos,LAO,2022,87.52
Late-demographic dividend,,1990,82.47946
Late-demographic dividend,,2000,91.466995
Late-demographic dividend,,2010,94.78494
Latin America & Caribbean,,1990,87.46383
Latin America & Caribbean,,2000,89.73644
Latin America & Caribbean,,2010,92.62431
Latin America & Caribbean (IDA & IBRD),,1990,87.06507
Latin America & Caribbean (IDA & IBRD),,2000,89.47367
Latin America & Caribbean (IDA & IBRD),,2010,92.4664
Latin America & Caribbean (excluding high income),,1990,87.10164
Latin America & Caribbean (excluding high income),,2000,89.45039
Latin America & Caribbean (excluding high income),,2010,92.44799
Latin America and Caribbean (WB),,1974,78.71795
Latin America and Caribbean (WB),,1975,78.73743
Latin America and Caribbean (WB),,1976,79.0867
Latin America and Caribbean (WB),,1977,79.48948
Latin America and Caribbean (WB),,1978,79.92699
Latin America and Caribbean (WB),,1979,80.32272
Latin America and Caribbean (WB),,1980,80.67739
Latin America and Caribbean (WB),,1981,81.07406
Latin America and Caribbean (WB),,1982,81.46111
Latin America and Caribbean (WB),,1983,81.84256
Latin America and Caribbean (WB),,1984,82.21321
Latin America and Caribbean (WB),,1985,82.57384
Latin America and Caribbean (WB),,1986,82.92527
Latin America and Caribbean (WB),,1987,83.21761
Latin America and Caribbean (WB),,1988,83.70771
Latin America and Caribbean (WB),,1989,84.1495
Latin America and Caribbean (WB),,1990,84.46787
Latin America and Caribbean (WB),,1991,85.06639
Latin America and Caribbean (WB),,1992,85.66554
Latin America and Caribbean (WB),,1993,86.25491
Latin America and Caribbean (WB),,1994,86.83326
Latin America and Caribbean (WB),,1995,87.40622
Latin America and Caribbean (WB),,1996,87.77912
Latin America and Caribbean (WB),,1997,88.04446
Latin America and Caribbean (WB),,1998,88.39903
Latin America and Caribbean (WB),,1999,88.71655
Latin America and Caribbean (WB),,2000,89.01666
Latin America and Caribbean (WB),,2001,89.17575
Latin America and Caribbean (WB),,2002,89.44306
Latin America and Caribbean (WB),,2003,90.0959
Latin America and Caribbean (WB),,2004,90.37227
Latin America and Caribbean (WB),,2005,90.33941
Latin America and Caribbean (WB),,2006,90.54231
Latin America and Caribbean (WB),,2007,91.39063
Latin America and Caribbean (WB),,2008,91.68934
Latin America and Caribbean (WB),,2009,91.86467
Latin America and Caribbean (WB),,2010,91.78517
Latin America and Caribbean (WB),,2011,92.49057
Latin America and Caribbean (WB),,2012,92.79948
Latin America and Caribbean (WB),,2013,92.78406
Latin America and Caribbean (WB),,2014,93.28205
Latin America and Caribbean (WB),,2015,93.42686
Latin America and Caribbean (WB),,2016,93.86832
Latin America and Caribbean (WB),,2017,93.89947
Latin America and Caribbean (WB),,2018,94.08591
Latin America and Caribbean (WB),,2019,94.25567
Latin America and Caribbean (WB),,2020,94.31331
Latin America and Caribbean (WB),,2021,94.49382
Latin America and Caribbean (WB),,2022,94.64692
Latin America and Caribbean (WB),,2023,94.79001
Latvia,LVA,1989,99
Latvia,LVA,2000,100
Latvia,LVA,2011,100
Latvia,LVA,2015,99.89269
Latvia,LVA,2021,99.89
Least developed countries: UN classification,,1990,45.830433
Least developed countries: UN classification,,2000,53.4134
Least developed countries: UN classification,,2010,60.568233
Lebanon,LBN,2007,90
Lebanon,LBN,2009,91
Lebanon,LBN,2015,94.0511
Lebanon,LBN,2018,93
Lesotho,LSO,2000,86
Lesotho,LSO,2009,75.8002
Lesotho,LSO,2014,76.6352
Lesotho,LSO,2015,79.36093
Lesotho,LSO,2018,86.24087
Lesotho,LSO,2022,82.01
Liberia,LBR,1984,32
Liberia,LBR,1994,42.66605
Liberia,LBR,2004,43.10837
Liberia,LBR,2007,42.94108
Liberia,LBR,2015,47.60014
Liberia,LBR,2017,48.30136
Libya,LBY,1984,60
Libya,LBY,1994,76.5
Libya,LBY,2004,85.41682
Libya,LBY,2014,91.04144
Libya,LBY,2015,91.38887
Liechtenstein,LIE,2011,100
Lithuania,LTU,1989,98
Lithuania,LTU,2001,100
Lithuania,LTU,2011,100
Lithuania,LTU,2015,99.82328
Lithuania,LTU,2021,99.83
Low income,,1990,46.02458
Low income,,2000,52.69497
Low income,,2010,56.57406
Low-income countries,,1988,46.47354
Low-income countries,,1989,46.89375
Low-income countries,,1990,47.39165
Low-income countries,,1991,47.6823
Low-income countries,,1992,47.82185
Low-income countries,,1993,48.03085
Low-income countries,,1994,48.31109
Low-income countries,,1995,48.676
Low-income countries,,1996,49.04267
Low-income countries,,1997,49.73331
Low-income countries,,1998,50.43019
Low-income countries,,1999,50.97881
Low-income countries,,2000,51.39866
Low-income countries,,2001,52.04716
Low-income countries,,2002,52.7164
Low-income countries,,2003,53.11349
Low-income countries,,2004,53.58198
Low-income countries,,2005,53.99721
Low-income countries,,2006,52.1799
Low-income countries,,2007,53.41816
Low-income countries,,2008,54.31401
Low-income countries,,2009,54.82347
Low-income countries,,2010,55.31973
Low-income countries,,2011,57.35872
Low-income countries,,2012,57.80881
Low-income countries,,2013,58.65501
Low-income countries,,2014,59.07083
Low-income countries,,2015,59.74246
Low-income countries,,2016,60.4267
Low-income countries,,2017,61.48362
Low-income countries,,2018,61.45404
Low-income countries,,2019,61.52847
Low-income countries,,2020,61.69004
Low-income countries,,2021,62.18141
Low-income countries,,2022,62.63246
Low-income countries,,2023,63.03853
Lower middle income,,1990,58.59612
Lower middle income,,2000,67.3316
Lower middle income,,2010,73.91008
Lower-middle-income countries,,1975,44.26188
Lower-middle-income countries,,1976,44.36313
Lower-middle-income countries,,1977,44.89862
Lower-middle-income countries,,1978,45.45136
Lower-middle-income countries,,1979,46.00061
Lower-middle-income countries,,1980,46.53306
Lower-middle-income countries,,1981,47.06519
Lower-middle-income countries,,1982,47.63435
Lower-middle-income countries,,1983,48.12107
Lower-middle-income countries,,1984,48.72107
Lower-middle-income countries,,1985,49.32205
Lower-middle-income countries,,1986,49.83683
Lower-middle-income countries,,1987,50.71524
Lower-middle-income countries,,1988,51.40592
Lower-middle-income countries,,1989,52.1036
Lower-middle-income countries,,1990,52.8069
Lower-middle-income countries,,1991,53.51564
Lower-middle-income countries,,1992,54.40485
Lower-middle-income countries,,1993,55.26998
Lower-middle-income countries,,1994,56.08274
Lower-middle-income countries,,1995,56.85776
Lower-middle-income countries,,1996,57.63437
Lower-middle-income countries,,1997,58.41293
Lower-middle-income countries,,1998,61.84885
Lower-middle-income countries,,1999,62.59148
Lower-middle-income countries,,2000,62.80231
Lower-middle-income countries,,2001,63.52992
Lower-middle-income countries,,2002,64.24833
Lower-middle-income countries,,2003,65.29472
Lower-middle-income countries,,2004,65.99687
Lower-middle-income countries,,2005,65.78602
Lower-middle-income countries,,2006,65.76852
Lower-middle-income countries,,2007,66.29194
Lower-middle-income countries,,2008,66.94372
Lower-middle-income countries,,2009,67.63524
Lower-middle-income countries,,2010,69.50833
Lower-middle-income countries,,2011,69.80986
Lower-middle-income countries,,2012,70.25576
Lower-middle-income countries,,2013,71.1596
Lower-middle-income countries,,2014,71.89687
Lower-middle-income countries,,2015,72.98467
Lower-middle-income countries,,2016,73.734
Lower-middle-income countries,,2017,74.26711
Lower-middle-income countries,,2018,75.07314
Lower-middle-income countries,,2019,75.24551
Lower-middle-income countries,,2020,75.8803
Lower-middle-income countries,,2021,76.48823
Lower-middle-income countries,,2022,77.08264
Lower-middle-income countries,,2023,77.63182
Luxembourg,LUX,2000,100
Macao,MAC,1981,90
Macao,MAC,2001,91
Macao,MAC,2006,93
Macao,MAC,2011,96
Macao,MAC,2015,96.2276
Macao,MAC,2016,97
Macao,MAC,2021,97.11
Madagascar,MDG,2000,71
Madagascar,MDG,2005,59
Madagascar,MDG,2009,64.48091
Madagascar,MDG,2012,72
Madagascar,MDG,2015,64.6563
Madagascar,MDG,2018,77
Madagascar,MDG,2021,74.68614
Madagascar,MDG,2022,77.48
Malawi,MWI,1987,49
Malawi,MWI,1998,64
Malawi,MWI,2010,61.30972
Malawi,MWI,2014,65.14537
Malawi,MWI,2015,62.14354
Malawi,MWI,2020,70.15227
Malawi,MWI,2022,68.08
Malaysia,MYS,1980,70
Malaysia,MYS,1991,83
Malaysia,MYS,2000,88.68776
Malaysia,MYS,2010,93
Malaysia,MYS,2015,94.63699
Malaysia,MYS,2016,95
Malaysia,MYS,2017,95
Malaysia,MYS,2018,95
Malaysia,MYS,2019,95
Malaysia,MYS,2022,96
Maldives,MDV,1977,82
Maldives,MDV,1985,92
Maldives,MDV,1990,96
Maldives,MDV,1995,96
Maldives,MDV,2000,96
Maldives,MDV,2006,98
Maldives,MDV,2014,99
Maldives,MDV,2015,99.32102
Maldives,MDV,2016,98
Maldives,MDV,2017,94.50551
Maldives,MDV,2019,98.21186
Maldives,MDV,2021,97.86
Mali,MLI,1976,9
Mali,MLI,1998,19
Mali,MLI,2003,24
Mali,MLI,2006,26
Mali,MLI,2010,31
Mali,MLI,2011,31
Mali,MLI,2015,33
Mali,MLI,2018,35
Mali,MLI,2020,31
Malta,MLT,1985,87
Malta,MLT,1995,88
Malta,MLT,2005,92
Malta,MLT,2011,93
Malta,MLT,2015,94.06661
Malta,MLT,2021,94.94
Marshall Islands,MHL,2011,98
Marshall Islands,MHL,2015,98.26508
Mauritania,MRT,2000,51
Mauritania,MRT,2007,45.50378
Mauritania,MRT,2013,62
Mauritania,MRT,2015,65.11202
Mauritania,MRT,2020,59.52966
Mauritania,MRT,2021,66.96
Mauritius,MUS,1990,80
Mauritius,MUS,2000,84
Mauritius,MUS,2011,89
Mauritius,MUS,2012,92
Mauritius,MUS,2013,91
Mauritius,MUS,2014,92
Mauritius,MUS,2015,93
Mauritius,MUS,2016,93
Mauritius,MUS,2021,92.15
Mexico,MEX,1900,24
Mexico,MEX,1910,30
Mexico,MEX,1920,35
Mexico,MEX,1930,36
Mexico,MEX,1940,46
Mexico,MEX,1950,60
Mexico,MEX,1960,65
Mexico,MEX,1970,75
Mexico,MEX,1979,82
Mexico,MEX,1980,83
Mexico,MEX,1990,88
Mexico,MEX,2000,91
Mexico,MEX,2002,90
Mexico,MEX,2004,91
Mexico,MEX,2005,92
Mexico,MEX,2006,92
Mexico,MEX,2007,93
Mexico,MEX,2008,93
Mexico,MEX,2009,93
Mexico,MEX,2010,93
Mexico,MEX,2011,94
Mexico,MEX,2012,94
Mexico,MEX,2013,94
Mexico,MEX,2014,95
Mexico,MEX,2015,94
Mexico,MEX,2016,95
Mexico,MEX,2017,95
Mexico,MEX,2018,95
Mexico,MEX,2020,95
Micronesia,,1980,89
Middle East & North Africa,,1990,58.496243
Middle East & North Africa,,2000,70.40315
Middle East & North Africa,,2010,80.750015
Middle East & North Africa (IDA & IBRD),,1990,55.75025
Middle East & North Africa (IDA & IBRD),,2000,67.76973
Middle East & North Africa (IDA & IBRD),,2010,78.23286
Middle East & North Africa (excluding high income),,1990,56.03943
Middle East & North Africa (excluding high income),,2000,68.023575
Middle East & North Africa (excluding high income),,2010,78.43881
Middle East and North Africa (WB),,1974,43.99972
Middle East and North Africa (WB),,1975,44.49103
Middle East and North Africa (WB),,1976,44.99968
Middle East and North Africa (WB),,1977,45.55852
Middle East and North Africa (WB),,1978,46.21684
Middle East and North Africa (WB),,1979,46.89799
Middle East and North Africa (WB),,1980,47.65434
Middle East and North Africa (WB),,1981,48.41632
Middle East and North Africa (WB),,1982,49.33712
Middle East and North Africa (WB),,1983,50.03418
Middle East and North Africa (WB),,1984,50.99546
Middle East and North Africa (WB),,1985,51.94508
Middle East and North Africa (WB),,1986,52.89566
Middle East and North Africa (WB),,1987,53.82654
Middle East and North Africa (WB),,1988,54.84007
Middle East and North Africa (WB),,1989,55.84551
Middle East and North Africa (WB),,1990,58.23571
Middle East and North Africa (WB),,1991,59.42651
Middle East and North Africa (WB),,1992,60.52205
Middle East and North Africa (WB),,1993,61.38714
Middle East and North Africa (WB),,1994,62.34871
Middle East and North Africa (WB),,1995,63.82514
Middle East and North Africa (WB),,1996,64.96068
Middle East and North Africa (WB),,1997,66.06362
Middle East and North Africa (WB),,1998,67.26733
Middle East and North Africa (WB),,1999,68.36744
Middle East and North Africa (WB),,2000,69.40159
Middle East and North Africa (WB),,2001,70.53242
Middle East and North Africa (WB),,2002,71.56456
Middle East and North Africa (WB),,2003,74.12706
Middle East and North Africa (WB),,2004,74.96323
Middle East and North Africa (WB),,2005,75.57109
Middle East and North Africa (WB),,2006,74.59212
Middle East and North Africa (WB),,2007,75.36998
Middle East and North Africa (WB),,2008,77.08521
Middle East and North Africa (WB),,2009,76.01827
Middle East and North Africa (WB),,2010,76.60938
Middle East and North Africa (WB),,2011,77.32386
Middle East and North Africa (WB),,2012,77.99774
Middle East and North Africa (WB),,2013,78.60817
Middle East and North Africa (WB),,2014,78.98551
Middle East and North Africa (WB),,2015,79.63974
Middle East and North Africa (WB),,2016,78.47635
Middle East and North Africa (WB),,2017,78.92874
Middle East and North Africa (WB),,2018,79.25672
Middle East and North Africa (WB),,2019,79.55386
Middle East and North Africa (WB),,2020,79.89577
Middle East and North Africa (WB),,2021,80.30119
Middle East and North Africa (WB),,2022,80.6111
Middle East and North Africa (WB),,2023,80.94914
Middle income,,1990,71.37112
Middle income,,2000,79.70074
Middle income,,2010,84.38868
Moldova,MDA,1989,96
Moldova,MDA,2000,97
Moldova,MDA,2014,99
Moldova,MDA,2015,99.24439
Moldova,MDA,2021,99.6
Monaco,MCO,2003,99
Mongolia,MNG,2000,98
Mongolia,MNG,2010,98
Mongolia,MNG,2015,98.36764
Mongolia,MNG,2018,96.89635
Mongolia,MNG,2020,99
Montenegro,MNE,1981,90
Montenegro,MNE,1991,93
Montenegro,MNE,2003,98
Montenegro,MNE,2011,98
Montenegro,MNE,2015,98.71995
Montenegro,MNE,2018,98.5344
Montenegro,MNE,2021,98.98
Montserrat,MSR,1970,97
Morocco,MAR,1982,30
Morocco,MAR,1994,42
Morocco,MAR,2004,52
Morocco,MAR,2008,55
Morocco,MAR,2009,56
Morocco,MAR,2011,67
Morocco,MAR,2012,69
Morocco,MAR,2014,76
Morocco,MAR,2015,71.71055
Morocco,MAR,2022,77.35
Mozambique,MOZ,1980,27
Mozambique,MOZ,1997,39
Mozambique,MOZ,2003,48
Mozambique,MOZ,2009,51
Mozambique,MOZ,2015,56
Mozambique,MOZ,2017,61
Mozambique,MOZ,2020,60
Myanmar,MMR,1983,79
Myanmar,MMR,2000,90
Myanmar,MMR,2014,92.92316
Myanmar,MMR,2015,93.09005
Myanmar,MMR,2016,75.5512
Myanmar,MMR,2019,89
Namibia,NAM,1991,76
Namibia,NAM,2001,85
Namibia,NAM,2007,76.48659
Namibia,NAM,2011,88
Namibia,NAM,2015,90.8205
Namibia,NAM,2021,92.25
Nepal,NPL,1981,21
Nepal,NPL,1991,33
Nepal,NPL,2001,49
Nepal,NPL,2011,60
Nepal,NPL,2015,64.66364
Nepal,NPL,2016,65.50101
Nepal,NPL,2019,68.7125
Nepal,NPL,2021,71.15
Netherlands,NLD,1475,17
Netherlands,NLD,1550,12
Netherlands,NLD,1650,53
Netherlands,NLD,1750,85
Netherlands,NLD,2003,99
New Caledonia,NCL,1976,91
New Caledonia,NCL,1989,93
New Caledonia,NCL,1996,96
New Caledonia,NCL,2006,97.3
New Caledonia,NCL,2014,96.80667
New Caledonia,NCL,2015,96.93782
New Zealand,NZL,2003,99
Nicaragua,NIC,1920,39
Nicaragua,NIC,1930,39
Nicaragua,NIC,1940,38
Nicaragua,NIC,1950,38
Nicaragua,NIC,1960,47
Nicaragua,NIC,1970,57
Nicaragua,NIC,1971,57
Nicaragua,NIC,1972,58
Nicaragua,NIC,1973,58
Nicaragua,NIC,1974,59
Nicaragua,NIC,1975,59
Nicaragua,NIC,1976,59
Nicaragua,NIC,1977,60
Nicaragua,NIC,1978,60
Nicaragua,NIC,1979,61
Nicaragua,NIC,1980,61
Nicaragua,NIC,1981,61
Nicaragua,NIC,1982,62
Nicaragua,NIC,1983,62
Nicaragua,NIC,1984,63
Nicaragua,NIC,1985,63
Nicaragua,NIC,1986,63
Nicaragua,NIC,1987,64
Nicaragua,NIC,1988,64
Nicaragua,NIC,1989,64
Nicaragua,NIC,1990,65
Nicaragua,NIC,1991,65
Nicaragua,NIC,1992,65
Nicaragua,NIC,1993,66
Nicaragua,NIC,1994,66
Nicaragua,NIC,1995,67
Nicaragua,NIC,1996,67
Nicaragua,NIC,1997,67
Nicaragua,NIC,1998,68
Nicaragua,NIC,1999,68
Nicaragua,NIC,2000,66
Nicaragua,NIC,2001,77
Nicaragua,NIC,2005,78
Nicaragua,NIC,2015,82.61455
Niger,NER,2001,14
Niger,NER,2005,29
Niger,NER,2012,31
Niger,NER,2015,19.1026
Niger,NER,2022,38.1
Nigeria,NGA,1991,55
Nigeria,NGA,2003,55
Nigeria,NGA,2006,70
Nigeria,NGA,2008,51.07766
Nigeria,NGA,2015,59.56808
Nigeria,NGA,2016,58.22134
Nigeria,NGA,2018,62.01601
Nigeria,NGA,2021,63.15554
Niue,NIU,2011,95
North America (WB),,2003,98.61992
North America (WB),,2004,98.63156
North America (WB),,2005,98.64237
North America (WB),,2006,98.65695
North America (WB),,2007,98.66643
North America (WB),,2008,98.68658
North America (WB),,2017,98.75348
North America (WB),,2018,98.75979
North America (WB),,2019,98.76517
North America (WB),,2020,98.77029
North America (WB),,2021,98.77717
North America (WB),,2022,98.77941
North Korea,PRK,2008,100
North Korea,PRK,2015,99.99924
North Korea,PRK,2018,99.99819
North Macedonia,MKD,1994,94
North Macedonia,MKD,2002,96
North Macedonia,MKD,2012,97.6
North Macedonia,MKD,2014,97.75175
North Macedonia,MKD,2015,97.84376
Northern Mariana Islands,MNP,1980,97
Norway,NOR,2011,100
Oman,OMN,2003,81
Oman,OMN,2008,87
Oman,OMN,2010,87
Oman,OMN,2014,91.9812
Oman,OMN,2015,93
Oman,OMN,2017,96
Oman,OMN,2018,96
Oman,OMN,2022,97
Other small states,,1990,73.33838
Other small states,,2000,78.839775
Other small states,,2010,83.64996
Pacific island small states,,2000,86.692055
Pakistan,PAK,1981,26
Pakistan,PAK,1998,43
Pakistan,PAK,2005,50
Pakistan,PAK,2006,54
Pakistan,PAK,2007,52
Pakistan,PAK,2008,56
Pakistan,PAK,2009,55
Pakistan,PAK,2010,55
Pakistan,PAK,2011,55
Pakistan,PAK,2012,57
Pakistan,PAK,2013,56
Pakistan,PAK,2014,57
Pakistan,PAK,2015,56.44031
Pakistan,PAK,2017,59
Pakistan,PAK,2018,57
Pakistan,PAK,2019,58
Palau,PLW,1980,92
Palau,PLW,1994,94.4333
Palau,PLW,2004,96.9898
Palau,PLW,2013,100
Palau,PLW,2015,97
Palestine,PSE,1997,86
Palestine,PSE,2004,92
Palestine,PSE,2006,93
Palestine,PSE,2007,94
Palestine,PSE,2008,94
Palestine,PSE,2009,94
Palestine,PSE,2010,95
Palestine,PSE,2011,95
Palestine,PSE,2012,96
Palestine,PSE,2013,96
Palestine,PSE,2014,96
Palestine,PSE,2015,96
Palestine,PSE,2016,97
Palestine,PSE,2017,97
Palestine,PSE,2018,97
Palestine,PSE,2019,97
Palestine,PSE,2020,98
Palestine,PSE,2022,98
Panama,PAN,1900,17
Panama,PAN,1910,27
Panama,PAN,1920,42
Panama,PAN,1930,46
Panama,PAN,1940,58
Panama,PAN,1950,67
Panama,PAN,1960,73
Panama,PAN,1970,79
Panama,PAN,1971,80
Panama,PAN,1972,80
Panama,PAN,1973,81
Panama,PAN,1974,81
Panama,PAN,1975,82
Panama,PAN,1976,83
Panama,PAN,1977,83
Panama,PAN,1978,84
Panama,PAN,1979,84
Panama,PAN,1980,88
Panama,PAN,1990,89
Panama,PAN,2000,92
Panama,PAN,2010,94
Panama,PAN,2015,95.03823
Panama,PAN,2018,95
Panama,PAN,2019,96
Papua New Guinea,PNG,2000,57
Papua New Guinea,PNG,2010,61.6
Papua New Guinea,PNG,2014,63.09609
Papua New Guinea,PNG,2015,63.43349
Papua New Guinea,PNG,2017,70.06368
Paraguay,PRY,1900,31
Paraguay,PRY,1910,38
Paraguay,PRY,1920,45
Paraguay,PRY,1930,52
Paraguay,PRY,1940,59
Paraguay,PRY,1950,66
Paraguay,PRY,1960,73
Paraguay,PRY,1970,80
Paraguay,PRY,1971,80
Paraguay,PRY,1972,81
Paraguay,PRY,1973,82
Paraguay,PRY,1974,82
Paraguay,PRY,1975,83
Paraguay,PRY,1976,84
Paraguay,PRY,1977,84
Paraguay,PRY,1978,85
Paraguay,PRY,1979,85
Paraguay,PRY,1980,86
Paraguay,PRY,1981,86
Paraguay,PRY,1982,78
Paraguay,PRY,1992,90
Paraguay,PRY,2007,95
Paraguay,PRY,2008,93
Paraguay,PRY,2009,94
Paraguay,PRY,2010,94
Paraguay,PRY,2012,94
Paraguay,PRY,2013,95
Paraguay,PRY,2014,95
Paraguay,PRY,2015,96
Paraguay,PRY,2016,95
Paraguay,PRY,2018,94
Paraguay,PRY,2019,93
Paraguay,PRY,2020,95
Peru,PER,1900,24
Peru,PER,1910,29
Peru,PER,1920,33
Peru,PER,1930,37
Peru,PER,1940,42
Peru,PER,1950,51
Peru,PER,1960,60
Peru,PER,1970,72
Peru,PER,1979,79
Peru,PER,1980,79
Peru,PER,1981,82
Peru,PER,1993,87
Peru,PER,2004,88
Peru,PER,2005,88
Peru,PER,2006,89
Peru,PER,2007,90
Peru,PER,2012,94
Peru,PER,2014,94
Peru,PER,2015,94
Peru,PER,2016,94
Peru,PER,2017,94
Peru,PER,2018,94
Peru,PER,2020,94
Philippines,PHL,1980,83
Philippines,PHL,1990,94
Philippines,PHL,1994,94
Philippines,PHL,2000,93
Philippines,PHL,2003,93
Philippines,PHL,2008,95
Philippines,PHL,2013,96
Philippines,PHL,2015,98
Philippines,PHL,2019,96
Philippines,PHL,2020,98
Poland,POL,1475,0
Poland,POL,1550,0
Poland,POL,1650,3
Poland,POL,1750,5
Poland,POL,1978,99
Poland,POL,1988,99.3
Poland,POL,1994,99.40237
Poland,POL,2004,99.61794
Poland,POL,2014,99.77411
Poland,POL,2015,99.78742
Poland,POL,2021,99.8
Portugal,PRT,1981,79
Portugal,PRT,1991,88
Portugal,PRT,2011,94
Portugal,PRT,2015,95.42811
Portugal,PRT,2021,96.78
Pre-demographic dividend,,1990,51.186974
Pre-demographic dividend,,2000,55.785202
Pre-demographic dividend,,2010,58.624794
Puerto Rico,PRI,1980,87
Puerto Rico,PRI,1990,90
Puerto Rico,PRI,2004,90.52934
Puerto Rico,PRI,2010,92
Puerto Rico,PRI,2015,93.32942
Puerto Rico,PRI,2017,92
Puerto Rico,PRI,2021,92.4
Qatar,QAT,1986,76
Qatar,QAT,1997,83
Qatar,QAT,2004,89
Qatar,QAT,2007,93
Qatar,QAT,2008,94
Qatar,QAT,2009,95
Qatar,QAT,2010,96
Qatar,QAT,2011,96
Qatar,QAT,2012,97
Qatar,QAT,2013,97
Qatar,QAT,2014,98
Qatar,QAT,2015,97.75709
Romania,ROU,1992,97
Romania,ROU,2002,97
Romania,ROU,2011,99
Romania,ROU,2015,98.75703
Romania,ROU,2021,99
Russia,RUS,1820,8
Russia,RUS,1870,15
Russia,RUS,1989,98
Russia,RUS,2002,99
Russia,RUS,2010,100
Russia,RUS,2015,99.71957
Russia,RUS,2021,100
Rwanda,RWA,1978,38
Rwanda,RWA,1991,58
Rwanda,RWA,2000,65
Rwanda,RWA,2010,65.85227
Rwanda,RWA,2012,68
Rwanda,RWA,2014,71
Rwanda,RWA,2015,71.2435
Rwanda,RWA,2018,73
Rwanda,RWA,2020,80.05086
Rwanda,RWA,2022,79
Saint Helena,SHN,1987,97
Saint Kitts and Nevis,KNA,2003,97.8
Saint Lucia,LCA,2001,90.1
Saint Pierre and Miquelon,SPM,1982,99
Saint Vincent and the Grenadines,VCT,1970,96
Saint Vincent and the Grenadines,VCT,1980,96.9
Samoa,WSM,1991,98
Samoa,WSM,2004,98.54048
Samoa,WSM,2011,99
Samoa,WSM,2015,99.01501
Samoa,WSM,2019,97.99026
Samoa,WSM,2021,99.1
San Marino,SMR,2011,96
San Marino,SMR,2022,100
Sao Tome and Principe,STP,1981,57
Sao Tome and Principe,STP,1991,73
Sao Tome and Principe,STP,2001,85
Sao Tome and Principe,STP,2008,69.53639
Sao Tome and Principe,STP,2012,90
Sao Tome and Principe,STP,2015,91.74711
Sao Tome and Principe,STP,2019,87.43846
Sao Tome and Principe,STP,2022,93.75
Saudi Arabia,SAU,1992,71
Saudi Arabia,SAU,2000,79
Saudi Arabia,SAU,2004,83
Saudi Arabia,SAU,2013,94
Saudi Arabia,SAU,2015,94.84237
Saudi Arabia,SAU,2017,95
Saudi Arabia,SAU,2020,98
Senegal,SEN,1988,27
Senegal,SEN,2002,39
Senegal,SEN,2006,42
Senegal,SEN,2009,48
Senegal,SEN,2011,52
Senegal,SEN,2013,44
Senegal,SEN,2015,43.59273
Senegal,SEN,2016,46.09964
Senegal,SEN,2017,52
Senegal,SEN,2018,46.60591
Senegal,SEN,2019,46.83367
Senegal,SEN,2022,57.67
Serbia,SRB,2003,96
Serbia,SRB,2011,98
Serbia,SRB,2015,98.00289
Serbia,SRB,2016,99
Serbia,SRB,2019,99
Seychelles,SYC,1987,84
Seychelles,SYC,1994,88
Seychelles,SYC,2002,92
Seychelles,SYC,2010,94
Seychelles,SYC,2015,95.32108
Seychelles,SYC,2020,96.2
Sierra Leone,SLE,2004,35
Sierra Leone,SLE,2013,32.42617
Sierra Leone,SLE,2014,47.18624
Sierra Leone,SLE,2015,48.4319
Sierra Leone,SLE,2017,44.83318
Sierra Leone,SLE,2019,43.57778
Sierra Leone,SLE,2022,48.64
Singapore,SGP,1980,83
Singapore,SGP,1990,89
Singapore,SGP,2000,93
Singapore,SGP,2010,96
Singapore,SGP,2011,96
Singapore,SGP,2012,96
Singapore,SGP,2013,97
Singapore,SGP,2014,97
Singapore,SGP,2015,97
Singapore,SGP,2016,97
Singapore,SGP,2017,97
Singapore,SGP,2018,97
Singapore,SGP,2019,97
Singapore,SGP,2020,97
Singapore,SGP,2021,98
Slovakia,SVK,2004,99.6
Slovenia,SVN,1991,100
Slovenia,SVN,2001,99.6
Slovenia,SVN,2004,99.65179
Slovenia,SVN,2014,99.71005
Slovenia,SVN,2015,99.71476
Small states,,1990,77.28492
Small states,,2000,81.47796
Small states,,2010,85.654785
Solomon Islands,SLB,1999,77
Solomon Islands,SLB,2011,84.1
Somalia,SOM,1972,5.40465
Somalia,SOM,2001,37.8
Somalia,SOM,2022,54
South Africa,ZAF,1980,76
South Africa,ZAF,1996,82
South Africa,ZAF,2007,89
South Africa,ZAF,2009,93
South Africa,ZAF,2010,93
South Africa,ZAF,2011,93
South Africa,ZAF,2012,94
South Africa,ZAF,2014,94
South Africa,ZAF,2015,94
South Africa,ZAF,2016,91.73724
South Africa,ZAF,2017,87
South Africa,ZAF,2019,95
South Africa,ZAF,2021,90
South Asia,,1990,46.487602
South Asia,,2000,58.08542
South Asia,,2010,66.69118
South Asia (IDA & IBRD),,1990,46.487602
South Asia (IDA & IBRD),,2000,58.08542
South Asia (IDA & IBRD),,2010,66.69118
South Asia (WB),,1975,36.03934
South Asia (WB),,1976,36.04425
South Asia (WB),,1977,36.69573
South Asia (WB),,1978,37.34392
South Asia (WB),,1979,37.98554
South Asia (WB),,1980,38.5959
South Asia (WB),,1981,39.17633
South Asia (WB),,1982,39.82555
South Asia (WB),,1983,40.47922
South Asia (WB),,1984,41.1337
South Asia (WB),,1985,41.78567
South Asia (WB),,1986,42.44037
South Asia (WB),,1987,43.09805
South Asia (WB),,1988,43.84537
South Asia (WB),,1989,44.61243
South Asia (WB),,1990,45.35921
South Asia (WB),,1991,46.08564
South Asia (WB),,1992,47.08633
South Asia (WB),,1993,48.08146
South Asia (WB),,1994,48.84938
South Asia (WB),,1995,49.64049
South Asia (WB),,1996,50.4492
South Asia (WB),,1997,51.26017
South Asia (WB),,1998,56.07956
South Asia (WB),,1999,56.87631
South Asia (WB),,2000,57.65058
South Asia (WB),,2001,58.41306
South Asia (WB),,2002,59.20313
South Asia (WB),,2003,60.09578
South Asia (WB),,2004,60.87617
South Asia (WB),,2005,60.67367
South Asia (WB),,2006,60.84876
South Asia (WB),,2007,61.68392
South Asia (WB),,2008,62.5963
South Asia (WB),,2009,63.45801
South Asia (WB),,2010,66.02896
South Asia (WB),,2011,66.62986
South Asia (WB),,2012,66.67659
South Asia (WB),,2013,67.70576
South Asia (WB),,2014,68.45516
South Asia (WB),,2015,69.78215
South Asia (WB),,2016,71.10578
South Asia (WB),,2017,71.66783
South Asia (WB),,2018,72.19206
South Asia (WB),,2019,71.96603
South Asia (WB),,2020,72.68319
South Asia (WB),,2021,73.47901
South Asia (WB),,2022,74.26527
South Asia (WB),,2023,75.00885
South Korea,KOR,2008,98
South Korea,KOR,2018,98.8
South Sudan,SSD,2008,27
South Sudan,SSD,2015,31.97625
South Sudan,SSD,2018,34.52276
Southern and Eastern Africa (WB),,1987,56.86621
Southern and Eastern Africa (WB),,1988,57.26846
Southern and Eastern Africa (WB),,1989,57.61875
Southern and Eastern Africa (WB),,1990,58.14876
Southern and Eastern Africa (WB),,1991,58.1818
Southern and Eastern Africa (WB),,1992,58.46995
Southern and Eastern Africa (WB),,1993,58.9126
Southern and Eastern Africa (WB),,1994,59.3459
Southern and Eastern Africa (WB),,1995,59.92194
Southern and Eastern Africa (WB),,1996,60.44986
Southern and Eastern Africa (WB),,1997,61.19146
Southern and Eastern Africa (WB),,1998,61.40491
Southern and Eastern Africa (WB),,1999,62.26571
Southern and Eastern Africa (WB),,2000,62.7701
Southern and Eastern Africa (WB),,2001,63.25819
Southern and Eastern Africa (WB),,2002,63.95227
Southern and Eastern Africa (WB),,2003,64.44235
Southern and Eastern Africa (WB),,2004,64.67675
Southern and Eastern Africa (WB),,2005,64.13368
Southern and Eastern Africa (WB),,2006,62.17928
Southern and Eastern Africa (WB),,2007,63.13408
Southern and Eastern Africa (WB),,2008,63.36718
Southern and Eastern Africa (WB),,2009,64.0625
Southern and Eastern Africa (WB),,2010,64.81
Southern and Eastern Africa (WB),,2011,66.87128
Southern and Eastern Africa (WB),,2012,68.54787
Southern and Eastern Africa (WB),,2013,69.38086
Southern and Eastern Africa (WB),,2014,70.03531
Southern and Eastern Africa (WB),,2015,70.44709
Southern and Eastern Africa (WB),,2016,71.10517
Southern and Eastern Africa (WB),,2017,71.02998
Southern and Eastern Africa (WB),,2018,71.4954
Southern and Eastern Africa (WB),,2019,72.65866
Southern and Eastern Africa (WB),,2020,72.85576
Southern and Eastern Africa (WB),,2021,72.63891
Southern and Eastern Africa (WB),,2022,72.98156
Southern and Eastern Africa (WB),,2023,73.27511
Spain,ESP,1475,3
Spain,ESP,1550,4
Spain,ESP,1650,5
Spain,ESP,1750,8
Spain,ESP,1820,20
Spain,ESP,1870,30
Spain,ESP,1981,93
Spain,ESP,1991,96
Spain,ESP,2004,97
Spain,ESP,2005,98
Spain,ESP,2006,98
Spain,ESP,2007,98
Spain,ESP,2008,98
Spain,ESP,2009,98
Spain,ESP,2010,98
Spain,ESP,2011,98
Spain,ESP,2012,98
Spain,ESP,2013,98
Spain,ESP,2014,98
Spain,ESP,2015,98
Spain,ESP,2016,98
Spain,ESP,2018,98
Spain,ESP,2020,99
Sri Lanka,LKA,1981,87
Sri Lanka,LKA,2001,91
Sri Lanka,LKA,2006,91
Sri Lanka,LKA,2008,91
Sri Lanka,LKA,2010,91
Sri Lanka,LKA,2015,92.61417
Sri Lanka,LKA,2016,92
Sri Lanka,LKA,2017,92
Sri Lanka,LKA,2018,92
Sri Lanka,LKA,2019,92
Sri Lanka,LKA,2020,92
Sri Lanka,LKA,2021,92
Sri Lanka,LKA,2022,92
Sub-Saharan Africa,,2000,56.981934
Sub-Saharan Africa,,2010,60.880547
Sub-Saharan Africa (IDA & IBRD),,1990,52.53158
Sub-Saharan Africa (IDA & IBRD),,2000,56.981934
Sub-Saharan Africa (IDA & IBRD),,2010,60.880547
Sub-Saharan Africa (WB),,1985,49.67415
Sub-Saharan Africa (WB),,1986,49.99505
Sub-Saharan Africa (WB),,1987,50.62446
Sub-Saharan Africa (WB),,1988,51.13833
Sub-Saharan Africa (WB),,1989,51.67959
Sub-Saharan Africa (WB),,1990,52.30686
Sub-Saharan Africa (WB),,1991,52.65164
Sub-Saharan Africa (WB),,1992,53.12544
Sub-Saharan Africa (WB),,1993,53.7068
Sub-Saharan Africa (WB),,1994,54.30921
Sub-Saharan Africa (WB),,1995,54.72155
Sub-Saharan Africa (WB),,1996,55.37812
Sub-Saharan Africa (WB),,1997,56.21824
Sub-Saharan Africa (WB),,1998,56.89161
Sub-Saharan Africa (WB),,1999,57.74526
Sub-Saharan Africa (WB),,2000,56.62755
Sub-Saharan Africa (WB),,2001,57.40014
Sub-Saharan Africa (WB),,2002,58.11591
Sub-Saharan Africa (WB),,2003,58.6459
Sub-Saharan Africa (WB),,2004,59.33332
Sub-Saharan Africa (WB),,2005,59.05679
Sub-Saharan Africa (WB),,2006,58.16811
Sub-Saharan Africa (WB),,2007,57.96338
Sub-Saharan Africa (WB),,2008,58.28565
Sub-Saharan Africa (WB),,2009,58.75711
Sub-Saharan Africa (WB),,2010,59.43254
Sub-Saharan Africa (WB),,2011,60.91714
Sub-Saharan Africa (WB),,2012,62.14601
Sub-Saharan Africa (WB),,2013,62.99641
Sub-Saharan Africa (WB),,2014,63.68724
Sub-Saharan Africa (WB),,2015,64.28751
Sub-Saharan Africa (WB),,2016,64.87826
Sub-Saharan Africa (WB),,2017,65.2303
Sub-Saharan Africa (WB),,2018,66.81657
Sub-Saharan Africa (WB),,2019,67.44165
Sub-Saharan Africa (WB),,2020,67.62379
Sub-Saharan Africa (WB),,2021,67.61568
Sub-Saharan Africa (WB),,2022,67.93573
Sub-Saharan Africa (WB),,2023,68.19624
Sub-Saharan Africa (excluding high income),,2000,56.976406
Sub-Saharan Africa (excluding high income),,2010,60.875755
Sudan,SDN,2000,61
Sudan,SDN,2008,54
Sudan,SDN,2015,58.60132
Sudan,SDN,2018,60.69718
Suriname,SUR,2004,90
Suriname,SUR,2008,95
Suriname,SUR,2010,95
Suriname,SUR,2012,93
Suriname,SUR,2015,95.53899
Suriname,SUR,2021,95
Sweden,SWE,1475,1
Sweden,SWE,1550,1
Sweden,SWE,1650,23
Sweden,SWE,1750,48
Sweden,SWE,1820,75
Sweden,SWE,1870,80
Sweden,SWE,2003,99
Switzerland,CHE,2003,99
Syria,SYR,1981,56
Syria,SYR,2002,83
Syria,SYR,2004,81
Syria,SYR,2014,86.3
Syria,SYR,2015,86.30393
Syria,SYR,2021,94
Taiwan,TWN,2003,96.1
Tajikistan,TJK,1989,98
Tajikistan,TJK,2000,99
Tajikistan,TJK,2010,99.7
Tajikistan,TJK,2014,99.76841
Tajikistan,TJK,2015,99.78105
Tanzania,TZA,1988,59
Tanzania,TZA,2002,69
Tanzania,TZA,2010,67.8007
Tanzania,TZA,2012,78
Tanzania,TZA,2015,78
Tanzania,TZA,2022,82.02
Thailand,THA,1980,88
Thailand,THA,2000,93
Thailand,THA,2005,94
Thailand,THA,2010,96
Thailand,THA,2013,94
Thailand,THA,2015,93
Thailand,THA,2016,91.9814
Thailand,THA,2018,94
Thailand,THA,2019,91.26915
Thailand,THA,2021,94.1
Thailand,THA,2022,91.09987
Togo,TGO,2000,53
Togo,TGO,2006,57
Togo,TGO,2009,57
Togo,TGO,2011,60
Togo,TGO,2015,64
Togo,TGO,2019,67
Tonga,TON,1976,100
Tonga,TON,1996,99
Tonga,TON,2006,99
Tonga,TON,2011,99
Tonga,TON,2015,99.39786
Tonga,TON,2019,91.05162
Tonga,TON,2021,99.4
Trinidad and Tobago,TTO,1980,95
Trinidad and Tobago,TTO,1990,97
Trinidad and Tobago,TTO,2000,97.9
Trinidad and Tobago,TTO,2004,98.28851
Trinidad and Tobago,TTO,2014,98.91949
Trinidad and Tobago,TTO,2015,98.96958
Tunisia,TUN,1984,48
Tunisia,TUN,1994,59.06181
Tunisia,TUN,2004,74
Tunisia,TUN,2007,77
Tunisia,TUN,2008,78
Tunisia,TUN,2010,79
Tunisia,TUN,2011,80
Tunisia,TUN,2012,80
Tunisia,TUN,2014,79
Tunisia,TUN,2015,81.05419
Tunisia,TUN,2018,79.47511
Tunisia,TUN,2019,81
Tunisia,TUN,2022,85.21493
Turkey,TUR,1975,62
Turkey,TUR,1980,66
Turkey,TUR,1985,76
Turkey,TUR,1990,79
Turkey,TUR,2004,87
Turkey,TUR,2005,88
Turkey,TUR,2006,88
Turkey,TUR,2007,89
Turkey,TUR,2009,91
Turkey,TUR,2010,93
Turkey,TUR,2011,94
Turkey,TUR,2012,95
Turkey,TUR,2013,95
Turkey,TUR,2014,95
Turkey,TUR,2015,96
Turkey,TUR,2016,96
Turkey,TUR,2017,96
Turkey,TUR,2019,97
Turkmenistan,TKM,1995,99
Turkmenistan,TKM,2005,99.4
Turkmenistan,TKM,2014,99.67285
Turkmenistan,TKM,2015,99.69293
Turks and Caicos Islands,TCA,1970,98
Uganda,UGA,1991,56
Uganda,UGA,2002,68
Uganda,UGA,2006,71
Uganda,UGA,2010,73
Uganda,UGA,2012,70
Uganda,UGA,2015,73.80984
Uganda,UGA,2016,69.10132
Uganda,UGA,2022,80.59
Ukraine,UKR,2001,99
Ukraine,UKR,2012,99.97435
Ukraine,UKR,2014,99.75347
Ukraine,UKR,2015,99.76411
Ukraine,UKR,2021,100
United Arab Emirates,ARE,1975,54
United Arab Emirates,ARE,1985,71
United Arab Emirates,ARE,2005,90
United Arab Emirates,ARE,2015,92.98637
United Arab Emirates,ARE,2019,98
United Arab Emirates,ARE,2021,98
United Arab Emirates,ARE,2022,98
United Kingdom,GBR,1475,5
United Kingdom,GBR,1550,16
United Kingdom,GBR,1650,53
United Kingdom,GBR,1750,54
United Kingdom,GBR,1820,53
United Kingdom,GBR,1870,76
United Kingdom,GBR,2003,99
United States,USA,1870,80
United States,USA,1880,83
United States,USA,1890,86.7
United States,USA,1900,89.3
United States,USA,1910,92.3
United States,USA,1920,94
United States,USA,1930,95.7
United States,USA,1940,97.1
United States,USA,1947,97.3
United States,USA,1950,96.8
United States,USA,1952,97.5
United States,USA,1959,97.8
United States,USA,1969,99
United States,USA,1979,99.4
United States,USA,2003,99
Upper middle income,,1990,81.91885
Upper middle income,,2000,90.65731
Upper middle income,,2010,94.26899
Upper-middle-income countries,,1976,66.26719
Upper-middle-income countries,,1977,66.49083
Upper-middle-income countries,,1978,67.51543
Upper-middle-income countries,,1979,68.63815
Upper-middle-income countries,,1980,69.66099
Upper-middle-income countries,,1981,70.64652
Upper-middle-income countries,,1982,71.57013
Upper-middle-income countries,,1983,72.50382
Upper-middle-income countries,,1984,73.58393
Upper-middle-income countries,,1985,74.485
Upper-middle-income countries,,1986,75.36734
Upper-middle-income countries,,1987,76.26551
Upper-middle-income countries,,1988,79.67043
Upper-middle-income countries,,1989,80.31058
Upper-middle-income countries,,1990,81.04114
Upper-middle-income countries,,1991,81.58651
Upper-middle-income countries,,1992,82.15758
Upper-middle-income countries,,1993,82.6979
Upper-middle-income countries,,1994,83.23142
Upper-middle-income countries,,1995,83.80124
Upper-middle-income countries,,1996,84.31269
Upper-middle-income countries,,1997,88.7168
Upper-middle-income countries,,1998,89.1177
Upper-middle-income countries,,1999,89.47645
Upper-middle-income countries,,2000,89.87667
Upper-middle-income countries,,2001,90.19642
Upper-middle-income countries,,2002,90.54139
Upper-middle-income countries,,2003,90.98183
Upper-middle-income countries,,2004,91.3237
Upper-middle-income countries,,2005,91.58416
Upper-middle-income countries,,2006,91.86817
Upper-middle-income countries,,2007,92.87729
Upper-middle-income countries,,2008,93.30886
Upper-middle-income countries,,2009,93.40503
Upper-middle-income countries,,2010,93.60919
Upper-middle-income countries,,2011,93.75011
Upper-middle-income countries,,2012,93.99739
Upper-middle-income countries,,2013,94.06516
Upper-middle-income countries,,2014,94.41684
Upper-middle-income countries,,2015,94.53935
Upper-middle-income countries,,2016,94.76116
Upper-middle-income countries,,2017,94.77168
Upper-middle-income countries,,2018,94.92602
Upper-middle-income countries,,2019,95.21391
Upper-middle-income countries,,2020,95.32048
Upper-middle-income countries,,2021,95.35308
Upper-middle-income countries,,2022,95.49537
Upper-middle-income countries,,2023,95.61952
Uruguay,URY,1900,59
Uruguay,URY,1910,65
Uruguay,URY,1920,70
Uruguay,URY,1930,76
Uruguay,URY,1940,81
Uruguay,URY,1950,86
Uruguay,URY,1960,89
Uruguay,URY,1970,93
Uruguay,URY,1971,93
Uruguay,URY,1972,93
Uruguay,URY,1973,93
Uruguay,URY,1974,94
Uruguay,URY,1975,94
Uruguay,URY,1985,95
Uruguay,URY,1996,97
Uruguay,URY,2006,98
Uruguay,URY,2007,98
Uruguay,URY,2008,98
Uruguay,URY,2009,98
Uruguay,URY,2010,98
Uruguay,URY,2011,98
Uruguay,URY,2012,98
Uruguay,URY,2013,98
Uruguay,URY,2014,98
Uruguay,URY,2015,99
Uruguay,URY,2016,99
Uruguay,URY,2017,99
Uruguay,URY,2018,99
Uruguay,URY,2019,99
Uruguay,URY,2022,99
Uzbekistan,UZB,2000,99
Uzbekistan,UZB,2013,100
Uzbekistan,UZB,2014,100
Uzbekistan,UZB,2015,100
Uzbekistan,UZB,2016,100
Uzbekistan,UZB,2018,100
Uzbekistan,UZB,2019,100
Uzbekistan,UZB,2021,100
Uzbekistan,UZB,2022,100
Vanuatu,VUT,1979,53
Vanuatu,VUT,1984,58.2
Vanuatu,VUT,1994,68.7
Vanuatu,VUT,1999,74
Vanuatu,VUT,2004,78.4
Vanuatu,VUT,2014,84.7
Vanuatu,VUT,2015,85.05868
Vanuatu,VUT,2021,89.1
Vatican,VAT,2011,100
Venezuela,VEN,1900,28
Venezuela,VEN,1910,29
Venezuela,VEN,1920,32
Venezuela,VEN,1930,36
Venezuela,VEN,1940,42
Venezuela,VEN,1950,51
Venezuela,VEN,1960,62
Venezuela,VEN,1970,76
Venezuela,VEN,1971,77
Venezuela,VEN,1972,78
Venezuela,VEN,1973,79
Venezuela,VEN,1974,80
Venezuela,VEN,1975,80
Venezuela,VEN,1976,81
Venezuela,VEN,1977,82
Venezuela,VEN,1978,83
Venezuela,VEN,1979,83
Venezuela,VEN,1980,84
Venezuela,VEN,1981,85
Venezuela,VEN,1990,90
Venezuela,VEN,2001,93
Venezuela,VEN,2007,95
Venezuela,VEN,2009,96
Venezuela,VEN,2011,95
Venezuela,VEN,2015,97
Venezuela,VEN,2016,97
Venezuela,VEN,2022,97.6
Vietnam,VNM,1979,84
Vietnam,VNM,1989,88
Vietnam,VNM,1999,90
Vietnam,VNM,2000,90
Vietnam,VNM,2009,94
Vietnam,VNM,2015,94.51427
Vietnam,VNM,2019,96
Vietnam,VNM,2022,96
Virgin Islands,,2005,90
Wallis and Futuna,WLF,1969,50
Western and Central Africa (WB),,1985,40.29465
Western and Central Africa (WB),,1986,40.55083
Western and Central Africa (WB),,1987,41.29014
Western and Central Africa (WB),,1988,41.97093
Western and Central Africa (WB),,1989,42.79779
Western and Central Africa (WB),,1990,43.57052
Western and Central Africa (WB),,1991,44.36271
Western and Central Africa (WB),,1992,45.13663
Western and Central Africa (WB),,1993,45.95827
Western and Central Africa (WB),,1994,46.83009
Western and Central Africa (WB),,1995,47.00222
Western and Central Africa (WB),,1996,47.86489
Western and Central Africa (WB),,1997,48.86634
Western and Central Africa (WB),,1998,50.23897
Western and Central Africa (WB),,1999,51.08981
Western and Central Africa (WB),,2000,47.57738
Western and Central Africa (WB),,2001,48.76512
Western and Central Africa (WB),,2002,49.49761
Western and Central Africa (WB),,2003,50.07911
Western and Central Africa (WB),,2004,51.42786
Western and Central Africa (WB),,2005,51.54042
Western and Central Africa (WB),,2006,52.22362
Western and Central Africa (WB),,2007,50.2877
Western and Central Africa (WB),,2008,50.72984
Western and Central Africa (WB),,2009,50.85757
Western and Central Africa (WB),,2010,51.41708
Western and Central Africa (WB),,2011,52.02649
Western and Central Africa (WB),,2012,52.57311
Western and Central Africa (WB),,2013,53.42175
Western and Central Africa (WB),,2014,54.14114
Western and Central Africa (WB),,2015,55.00662
Western and Central Africa (WB),,2016,55.46578
Western and Central Africa (WB),,2017,56.4722
Western and Central Africa (WB),,2018,59.74735
Western and Central Africa (WB),,2019,59.55367
Western and Central Africa (WB),,2020,59.70324
Western and Central Africa (WB),,2021,60.00732
Western and Central Africa (WB),,2022,60.29085
Western and Central Africa (WB),,2023,60.50555
World,OWID_WRL,1820,12
World,OWID_WRL,1870,19
World,OWID_WRL,1880,20
World,OWID_WRL,1890,21
World,OWID_WRL,1900,21
World,OWID_WRL,1910,26
World,OWID_WRL,1920,32
World,OWID_WRL,1930,33
World,OWID_WRL,1940,42
World,OWID_WRL,1950,36
World,OWID_WRL,1960,42
World,OWID_WRL,1976,65.65878
World,OWID_WRL,1977,65.9491
World,OWID_WRL,1978,66.57206
World,OWID_WRL,1979,67.23375
World,OWID_WRL,1980,67.84755
World,OWID_WRL,1981,68.45053
World,OWID_WRL,1982,69.04214
World,OWID_WRL,1983,69.61132
World,OWID_WRL,1984,70.27237
World,OWID_WRL,1985,70.86436
World,OWID_WRL,1986,71.41604
World,OWID_WRL,1987,72.10942
World,OWID_WRL,1988,73.82409
World,OWID_WRL,1989,74.34682
World,OWID_WRL,1990,74.90692
World,OWID_WRL,1991,75.28641
World,OWID_WRL,1992,75.69422
World,OWID_WRL,1993,76.10236
World,OWID_WRL,1994,76.50139
World,OWID_WRL,1995,76.91177
World,OWID_WRL,1996,77.29624
World,OWID_WRL,1997,79.28838
World,OWID_WRL,1998,80.46865
World,OWID_WRL,1999,80.80594
World,OWID_WRL,2000,80.97918
World,OWID_WRL,2001,81.28596
World,OWID_WRL,2002,81.64014
World,OWID_WRL,2003,82.11424
World,OWID_WRL,2004,82.44724
World,OWID_WRL,2005,82.45471
World,OWID_WRL,2006,82.42525
World,OWID_WRL,2007,83.0118
World,OWID_WRL,2008,83.38551
World,OWID_WRL,2009,83.60867
World,OWID_WRL,2010,84.22716
World,OWID_WRL,2011,84.41078
World,OWID_WRL,2012,84.60138
World,OWID_WRL,2013,84.9031
World,OWID_WRL,2014,85.28639
World,OWID_WRL,2015,85.67888
World,OWID_WRL,2016,86.00011
World,OWID_WRL,2017,86.177
World,OWID_WRL,2018,86.43748
World,OWID_WRL,2019,86.54791
World,OWID_WRL,2020,86.74745
World,OWID_WRL,2021,86.92751
World,OWID_WRL,2022,87.15533
World,OWID_WRL,2023,87.356
Yemen,YEM,1994,37
Yemen,YEM,2004,54.1
Yemen,YEM,2014,68.78942
Yemen,YEM,2015,69.96195
Zambia,ZMB,1990,65
Zambia,ZMB,1999,68
Zambia,ZMB,2002,69
Zambia,ZMB,2007,61.12709
Zambia,ZMB,2010,83
Zambia,ZMB,2015,85.11726
Zambia,ZMB,2018,71.1323
Zambia,ZMB,2020,87.5
Zimbabwe,ZWE,1982,78
Zimbabwe,ZWE,1992,84
Zimbabwe,ZWE,2011,83.58271
Zimbabwe,ZWE,2014,88.69342
Zimbabwe,ZWE,2015,86.87348
Zimbabwe,ZWE,2019,93.22755
Zimbabwe,ZWE,2022,89.85